fromEmail,toEmail
alina@shop.io,denis@shop.io
alina@shop.io,mult1@shop.io
alina@shop.io,mult3@shop.io
anna@shop.io,artem@shop.io
anna@shop.io,julia@shop.io
anna@shop.io,lidia@shop.io
anna@shop.io,sofia@shop.io
artem@shop.io,lidia@shop.io
artem@shop.io,sofia@shop.io
banned1@shop.io,kirill@shop.io
banned1@shop.io,ksenia@shop.io
banned1@shop.io,roman@shop.io
banned1@shop.io,timur@shop.io
daria@shop.io,alina@shop.io
daria@shop.io,gleb@shop.io
daria@shop.io,mult3@shop.io
daria@shop.io,oleg@shop.io
daria@shop.io,sergey@shop.io
denis@shop.io,daria@shop.io
denis@shop.io,egor@shop.io
denis@shop.io,mult2@shop.io
denis@shop.io,sofia@shop.io
egor@shop.io,gleb@shop.io
egor@shop.io,oleg@shop.io
elena@shop.io,oleg@shop.io
gleb@shop.io,egor@shop.io
gleb@shop.io,maria@shop.io
gleb@shop.io,mult2@shop.io
gleb@shop.io,mult3@shop.io
ivan@shop.io,artem@shop.io
ivan@shop.io,sofia@shop.io
julia@shop.io,egor@shop.io
kirill@shop.io,lidia@shop.io
kirill@shop.io,mult3@shop.io
kirill@shop.io,olga@shop.io
ksenia@shop.io,elena@shop.io
ksenia@shop.io,julia@shop.io
ksenia@shop.io,roman@shop.io
ksenia@shop.io,timur@shop.io
lidia@shop.io,pavel@shop.io
maria@shop.io,daria@shop.io
mult1@shop.io,elena@shop.io
mult1@shop.io,gleb@shop.io
mult1@shop.io,kirill@shop.io
mult1@shop.io,nina@shop.io
mult2@shop.io,egor@shop.io
mult2@shop.io,ivan@shop.io
mult2@shop.io,julia@shop.io
mult2@shop.io,timur@shop.io
mult3@shop.io,sergey@shop.io
mult3@shop.io,sofia@shop.io
mult4@shop.io,denis@shop.io
mult4@shop.io,nina@shop.io
mult4@shop.io,sergey@shop.io
mult4@shop.io,timur@shop.io
nikita@shop.io,ivan@shop.io
nikita@shop.io,mult3@shop.io
nina@shop.io,elena@shop.io
oleg@shop.io,mult1@shop.io
pavel@shop.io,ivan@shop.io
pavel@shop.io,kirill@shop.io
petr@shop.io,timur@shop.io
roman@shop.io,kirill@shop.io
sergey@shop.io,daria@shop.io
sergey@shop.io,mult2@shop.io
sergey@shop.io,petr@shop.io
sergey@shop.io,vera@shop.io
sofia@shop.io,elena@shop.io
sofia@shop.io,julia@shop.io
sofia@shop.io,maria@shop.io
sofia@shop.io,mult3@shop.io
sofia@shop.io,olga@shop.io
timur@shop.io,sergey@shop.io
vera@shop.io,alina@shop.io
vera@shop.io,nina@shop.io
vera@shop.io,petr@shop.io
vera@shop.io,sergey@shop.io
